<?xml version="1.0" encoding="UTF-8" standalone="yes"?>
<students>
<student>
<roll>12</roll>
<marks>85</marks>
<subject>Maths</subject>
</student>
<student>
<roll>13</roll>
<marks>60</marks>
<subject>physics</subject>
</student>
<student>
<roll>15</roll>
<marks>79</marks>
<subject>chemistry</subject>
</student>
<student>
<roll>13</roll>
<marks>85</marks>
<subject>Maths</subject>
</student>
<student>
<roll>15</roll>
<marks>60</marks>
<subject>physics</subject>
</student>
<student>
<roll>12</roll>
<marks>79</marks>
<subject>chemistry</subject>
</student>
<student>
<roll>13</roll>
<marks>85</marks>
<subject>chemistry</subject>
</student>
<student>
<roll>15</roll>
<marks>60</marks>
<subject>maths</subject>
</student>
<student>
<roll>12</roll>
<marks>79</marks>
<subject>physics</subject>
</student>
</students>
